,news_tone_avg_OIL_CORE,news_tone_avg,news_art_cnt,w_t,ret_1h
news_tone_avg_OIL_CORE,,,,,
news_tone_avg,,1.0,0.11287800617710197,0.12809339335725212,-0.025699443071050362
news_art_cnt,,0.11287800617710197,1.0,-0.13650196269246773,-0.02969521649653845
w_t,,0.12809339335725212,-0.13650196269246773,1.0,0.32080299147174557
ret_1h,,-0.025699443071050362,-0.02969521649653845,0.32080299147174557,1.0
