window,rows,zero_ratio,turnover
7,168,0.0,5.064337090179421
30,720,0.0,4.710135061713689
90,2160,0.0,4.765736771448649
1825,39134,0.00030663872847140595,4.029161277298299
